filename,model_prediction
/opt/program/input/ab3837d96.jpg,[[4.6725287e-03 4.3731555e-04 9.9489009e-01]]
/opt/program/input/2b8dfbe0b.jpg,[[0.2809264  0.2278981  0.49117553]]
/opt/program/input/0cb590f8e.jpg,[[0.7163123  0.28002107 0.00366661]]
/opt/program/input/e93bfa412.jpg,[[0.02395989 0.00263121 0.9734089 ]]
